Sensor,Grupo de Execução,Precision,Recall,F1-Measure,Tempo Processa Sensor
1,svm-Bias-L1,0.6720010758472297,0.8859929078014185,0.7643010094830225,0.5548257827758789
2,svm-Bias-L1,0.6706898916472364,0.8670212765957447,0.7563220168587116,0.53623366355896
3,svm-Bias-L1,0.6735668789808917,0.9,0.7704918032786886,0.5462605953216553
