Sensor,Grupo de Execução,Precision,Recall,F1-Measure,Tempo Processa Sensor
1,svm-Noise-L2,0.690199023657529,0.2648414985590778,0.38279704259085695,0.6400043964385986
2,svm-Noise-L2,0.7532973621103117,0.36210374639769455,0.48910081743869216,0.5973255634307861
3,svm-Noise-L2,0.7634961439588689,0.34236311239193085,0.472741742936729,0.556466817855835
