Sensor,Grupo de Execução,Precision,Recall,F1-Measure,Tempo Processa Sensor
1,isolation-Bias-L2,0.8699845679012346,0.9747838616714697,0.9194074476759989,0.09592533111572266
2,isolation-Bias-L2,0.862929150057863,0.9670028818443804,0.9120065230685602,0.09118390083312988
3,isolation-Bias-L2,0.8626543209876543,0.9665706051873199,0.911660777385159,0.08593463897705078
