Sensor,Grupo de Execução,Precision,Recall,F1-Measure,Tempo Processa Sensor
1,isolation-Noise-L2,0.8924897119341564,1.0,0.9431910845338407,0.08548927307128906
2,isolation-Noise-L2,0.8923749517808923,1.0,0.9431269959910308,0.08616089820861816
3,isolation-Noise-L2,0.8924897119341564,1.0,0.9431910845338407,0.0884244441986084
