Sensor,Grupo de Execução,Precision,Recall,F1-Measure,Tempo Processa Sensor
1,isolation-LossAccuracy-L1,0.6582229651536582,0.9076241134751774,0.7630617872847879,0.08748102188110352
2,isolation-LossAccuracy-L1,0.6549639917695473,0.9030141843971631,0.7592426952892068,0.08602070808410645
3,isolation-LossAccuracy-L1,0.6578812033941888,0.9072695035460993,0.7627068117454165,0.08620142936706543
