Sensor,Grupo de Execução,Precision,Recall,F1-Measure,Tempo Processa Sensor
1,svm-Drift-L2,0.7788305985671365,0.48559077809798273,0.5982071536345078,0.7603182792663574
2,svm-Drift-L2,0.8486820696387894,0.7515850144092219,0.7971878343267614,0.681631326675415
3,svm-Drift-L2,0.8435746352413019,0.8664265129682998,0.8548478817173728,0.6771490573883057
