Sensor,Grupo de Execução,Precision,Recall,F1-Measure,Tempo Processa Sensor
1,diversidade-LossAccuracy-L1,0.6468408375023161,0.6189716312056738,0.6325994382531486,0.004045963287353516
2,diversidade-LossAccuracy-L1,0.6510116948208651,0.6218085106382979,0.6360750884193345,0.00743556022644043
3,diversidade-LossAccuracy-L1,0.6479289940828402,0.6212765957446809,0.6343229543808835,0.009816169738769531
