Sensor,Grupo de Execução,Precision,Recall,F1-Measure,Tempo Processa Sensor
1,svm-LossAccuracy-L1,0.7272100399944835,0.9349290780141843,0.8180901404080365,0.35146474838256836
2,svm-LossAccuracy-L1,0.6578487646618417,0.9347517730496454,0.772227918558664,0.36100292205810547
3,svm-LossAccuracy-L1,0.7220925442812028,0.9324468085106383,0.8138977017720344,0.35859060287475586
