Sensor,Grupo de Execução,Precision,Recall,F1-Measure,Tempo Processa Sensor
1,isolation-Noise-L1,0.7246563021970962,1.0,0.8403486552931535,0.09765839576721191
2,isolation-Noise-L1,0.7252153786807252,1.0,0.840724454050831,0.09483790397644043
3,isolation-Noise-L1,0.7253086419753086,1.0,0.8407871198568874,0.0906531810760498
