Sensor,Grupo de Execução,Precision,Recall,F1-Measure,Tempo Processa Sensor
1,isolation-Freezing-L1,0.4445872975057856,0.8004629629629629,0.5716647379732187,0.0798640251159668
2,isolation-Freezing-L1,0.4445872975057856,0.8004629629629629,0.5716647379732187,0.07350277900695801
3,isolation-Freezing-L1,0.4445872975057856,0.8004629629629629,0.5716647379732187,0.07339882850646973
