Sensor,Grupo de Execução,Precision,Recall,F1-Measure,Tempo Processa Sensor
1,isolation-LossAccuracy-L2,0.8068415637860082,0.9040345821325648,0.8526773579777114,0.08152437210083008
2,isolation-LossAccuracy-L2,0.8082808280828083,0.9057636887608069,0.8542501868587348,0.08679890632629395
3,isolation-LossAccuracy-L2,0.8063769606582669,0.9037463976945245,0.8522897132762605,0.0818636417388916
