Sensor,Grupo de Execução,Precision,Recall,F1-Measure,Tempo Processa Sensor
1,svm-Drift-L1,0.7294037323623123,0.5682624113475178,0.6388279848515049,1.3049144744873047
2,svm-Drift-L1,0.8056742437190224,0.8358156028368794,0.820468192498477,1.1534721851348877
3,svm-Drift-L1,0.7243406418811567,0.8083333333333333,0.7640355287414111,1.129561424255371
