Sensor,Grupo de Execução,Precision,Recall,F1-Measure,Tempo Processa Sensor
1,svm-Freezing-L2,1.0,0.8564814814814815,0.9226932668329177,0.3667140007019043
2,svm-Freezing-L2,1.0,0.8564814814814815,0.9226932668329177,0.3656764030456543
3,svm-Freezing-L2,1.0,0.8564814814814815,0.9226932668329177,0.3662247657775879
