Sensor,Grupo de Execução,Precision,Recall,F1-Measure,Tempo Processa Sensor
1,svm-LossAccuracy-L2,0.8054931335830212,0.9296829971181556,0.8631438127090301,0.3520233631134033
2,svm-LossAccuracy-L2,0.807831400423993,0.9334293948126802,0.8661006751788222,0.35002613067626953
3,svm-LossAccuracy-L2,0.8516086671043992,0.9344380403458213,0.8911027138440398,0.3538477420806885
