Sensor,Grupo de Execução,Precision,Recall,F1-Measure,Tempo Processa Sensor
1,diversidade-Noise-L2,0.9213936690036116,0.6249279538904899,0.7447411350562376,0.0044558048248291016
2,diversidade-Noise-L2,0.9210469856254023,0.6185878962536023,0.7401086113266098,0.003789663314819336
3,diversidade-Noise-L2,0.9212198221092758,0.6268011527377522,0.746012690790602,0.0038557052612304688
