Sensor,Grupo de Execução,Precision,Recall,F1-Measure,Tempo Processa Sensor
1,isolation-Freezing-L2,0.4445872975057856,0.8004629629629629,0.5716647379732187,0.07379841804504395
2,isolation-Freezing-L2,0.4445872975057856,0.8004629629629629,0.5716647379732187,0.07352447509765625
3,isolation-Freezing-L2,0.4445872975057856,0.8004629629629629,0.5716647379732187,0.08343243598937988
