Sensor,Grupo de Execução,Precision,Recall,F1-Measure,Tempo Processa Sensor
1,isolation-Drift-L2,0.8924897119341564,1.0,0.9431910845338407,0.0803689956665039
2,isolation-Drift-L2,0.8922602211365389,1.0,0.9430629161570865,0.08081841468811035
3,isolation-Drift-L2,0.8923749517808923,1.0,0.9431269959910308,0.08397078514099121
