Sensor,Grupo de Execução,Precision,Recall,F1-Measure,Tempo Processa Sensor
1,svm-Noise-L1,0.5834411384217335,0.399822695035461,0.4744871120462914,0.7209537029266357
2,svm-Noise-L1,0.7314884068810771,0.6936170212765957,0.7120495085547871,0.6200301647186279
3,svm-Noise-L1,0.7027208599261001,0.7418439716312056,0.7217526306710367,0.6185541152954102
