Sensor,Grupo de Execução,Precision,Recall,F1-Measure,Tempo Processa Sensor
1,svm-Freezing-L1,1.0,0.8564814814814815,0.9226932668329177,0.3632466793060303
2,svm-Freezing-L1,1.0,0.8564814814814815,0.9226932668329177,0.36522507667541504
3,svm-Freezing-L1,1.0,0.8564814814814815,0.9226932668329177,0.3658130168914795
