Sensor,Grupo de Execução,Precision,Recall,F1-Measure,Tempo Processa Sensor
1,diversidade-LossAccuracy-L2,0.8025536639526277,0.6249279538904899,0.7026895657809462,0.003812551498413086
2,diversidade-LossAccuracy-L2,0.796179525222552,0.6185878962536023,0.6962374310736296,0.004118442535400391
3,diversidade-LossAccuracy-L2,0.8043639053254438,0.6268011527377522,0.7045675413022351,0.0038089752197265625
