Sensor,Grupo de Execução,Precision,Recall,F1-Measure,Tempo Processa Sensor
1,diversidade-Noise-L1,0.837772978161747,0.6189716312056738,0.7119404506984807,0.0059964656829833984
2,diversidade-Noise-L1,0.8404025880661394,0.6218085106382979,0.714766126566799,0.0049419403076171875
3,diversidade-Noise-L1,0.8455598455598455,0.6212765957446809,0.7162714636140637,0.004663705825805664
