Sensor,Grupo de Execução,Precision,Recall,F1-Measure,Tempo Processa Sensor
1,isolation-Bias-L1,0.7001028806584362,0.9652482269503546,0.8115682766845558,0.09087181091308594
2,isolation-Bias-L1,0.7046039094650206,0.9714539007092199,0.8167859272510435,0.09051036834716797
3,isolation-Bias-L1,0.7054133984827055,0.9726950354609929,0.8177685026458971,0.09396672248840332
