Sensor,Grupo de Execução,Precision,Recall,F1-Measure,Tempo Processa Sensor
1,svm-Bias-L2,0.8345650200959419,0.927521613832853,0.8785914147273596,0.5049440860748291
2,svm-Bias-L2,0.834350253148124,0.9260806916426513,0.8778255821894421,0.4818739891052246
3,svm-Bias-L2,0.8334409296320207,0.9301152737752162,0.8791283622744297,0.47608423233032227
