Sensor,Grupo de Execução,Precision,Recall,F1-Measure,Tempo Processa Sensor
1,isolation-Drift-L1,0.7252153786807252,1.0,0.840724454050831,0.09859895706176758
2,isolation-Drift-L1,0.7253086419753086,1.0,0.8407871198568874,0.09048080444335938
3,isolation-Drift-L1,0.7253086419753086,1.0,0.8407871198568874,0.09035587310791016
