Sensor,Grupo de Execução,Precision,Recall,F1-Measure,Tempo Processa Sensor
1,isolation-Freezing-L1,0.38461538461538464,0.7142857142857143,0.5,0.04301929473876953
2,isolation-Freezing-L1,0.38461538461538464,0.7142857142857143,0.5,0.04341912269592285
3,isolation-Freezing-L1,0.38461538461538464,0.7142857142857143,0.5,0.043215036392211914
