Sensor,Grupo de Execução,Precision,Recall,F1-Measure,Tempo Processa Sensor
1,isolation-Drift-L1,0.7692307692307693,1.0,0.8695652173913044,0.049664974212646484
2,isolation-Drift-L1,0.7692307692307693,1.0,0.8695652173913044,0.05048537254333496
3,isolation-Drift-L1,0.7692307692307693,1.0,0.8695652173913044,0.050475120544433594
