Sensor,Grupo de Execução,Precision,Recall,F1-Measure,Tempo Processa Sensor
1,isolation-Freezing-L1,0.4546831608179753,0.8337962962962963,0.5884659369384088,0.06438088417053223
