Sensor,Grupo de Execução,Precision,Recall,F1-Measure,Tempo Processa Sensor
1,svm-Noise-L1,0.9592148865664033,0.9678497942386831,0.963512994494943,0.414104700088501
