Sensor,Grupo de Execução,Precision,Recall,F1-Measure,Tempo Processa Sensor
1,isolation-Bias-L2,0.8575516297586464,0.9972511574074074,0.9221404682274247,0.07322549819946289
