Sensor,Grupo de Execução,Precision,Recall,F1-Measure,Tempo Processa Sensor
1,svm-Bias-L1,0.9172404102852325,0.8395061728395061,0.8766534613576847,0.31986188888549805
