Sensor,Grupo de Execução,Precision,Recall,F1-Measure,Tempo Processa Sensor
1,isolation-LossAccuracy-L2,0.7991942590960595,0.9184027777777778,0.8546617300572197,0.06703019142150879
