Sensor,Grupo de Execução,Precision,Recall,F1-Measure,Tempo Processa Sensor
1,isolation-Bias-L1,0.9029562982005142,0.9034207818930041,0.9031884803291335,0.0859677791595459
