Sensor,Grupo de Execução,Precision,Recall,F1-Measure,Tempo Processa Sensor
1,svm-Freezing-L1,0.4995366079703429,0.9981481481481481,0.6658431130327362,0.29312801361083984
