Sensor,Grupo de Execução,Precision,Recall,F1-Measure,Tempo Processa Sensor
1,isolation-Noise-L1,0.987792472024415,0.9989711934156379,0.9933503836317136,0.08075690269470215
