Sensor,Grupo de Execução,Precision,Recall,F1-Measure,Tempo Processa Sensor
1,svm-LossAccuracy-L1,0.90357101314412,0.9989711934156379,0.9488792524277775,0.3047947883605957
