Sensor,Grupo de Execução,Precision,Recall,F1-Measure,Tempo Processa Sensor
1,svm-Bias-L2,0.8164630225080386,0.9184027777777778,0.8644379383127937,0.3866569995880127
