Sensor,Grupo de Execução,Precision,Recall,F1-Measure,Tempo Processa Sensor
1,isolation-LossAccuracy-L1,0.9003889097980178,0.9229681069958847,0.911538705785229,0.06663179397583008
