Sensor,Grupo de Execução,Precision,Recall,F1-Measure,Tempo Processa Sensor
1,isolation-Bias-L2,0.8050662209078051,0.9058159722222222,0.8524746408877392,0.08739542961120605
