Sensor,Grupo de Execução,Precision,Recall,F1-Measure,Tempo Processa Sensor
1,svm-Drift-L2,0.9183300319975621,0.8719618055555556,0.8945454545454545,0.6524136066436768
