Sensor,Grupo de Execução,Precision,Recall,F1-Measure,Tempo Processa Sensor
1,svm-Drift-L2,0.8855089205493518,0.9981192129629629,0.9384479357954159,0.6284801959991455
