Sensor,Grupo de Execução,Precision,Recall,F1-Measure,Tempo Processa Sensor
1,svm-Bias-L2,0.7717276099629041,0.8427372685185185,0.8056708160442599,0.3113710880279541
