Sensor,Grupo de Execução,Precision,Recall,F1-Measure,Tempo Processa Sensor
1,isolation-Freezing-L2,0.45585086282907167,0.8377314814814815,0.5904233624276042,0.06353116035461426
