Sensor,Grupo de Execução,Precision,Recall,F1-Measure,Tempo Processa Sensor
1,isolation-Bias-L1,0.9294441782462866,0.9978137860082305,0.9624162738774498,0.07386302947998047
