Sensor,Grupo de Execução,Precision,Recall,F1-Measure,Tempo Processa Sensor
1,svm-Noise-L2,0.014025245441795231,0.0014467592592592592,0.002622950819672131,0.4626476764678955
