Sensor,Grupo de Execução,Precision,Recall,F1-Measure,Tempo Processa Sensor
1,isolation-Noise-L1,0.9584619341563786,0.9584619341563786,0.9584619341563786,0.0824899673461914
