Sensor,Grupo de Execução,Precision,Recall,F1-Measure,Tempo Processa Sensor
1,isolation-LossAccuracy-L1,0.9229681069958847,0.9229681069958847,0.9229681069958847,0.09090781211853027
