Sensor,Grupo de Execução,Precision,Recall,F1-Measure,Tempo Processa Sensor
1,svm-Noise-L1,0.9380952380952381,0.07600308641975309,0.14061384725196288,0.3319540023803711
