Sensor,Grupo de Execução,Precision,Recall,F1-Measure,Tempo Processa Sensor
1,svm-LossAccuracy-L2,0.8061200654052791,0.9985532407407407,0.8920770324415148,0.29723381996154785
