Sensor,Grupo de Execução,Precision,Recall,F1-Measure,Tempo Processa Sensor
1,svm-Freezing-L2,0.4993045897079277,0.9972222222222222,0.6654309545875811,0.2886984348297119
