Sensor,Grupo de Execução,Precision,Recall,F1-Measure,Tempo Processa Sensor
1,svm-LossAccuracy-L1,0.9247435897435897,0.9275977366255144,0.9261684643040574,0.3434598445892334
